N,cuBLAS,Naive,Triton
1024.000000,213.704343,30.972254,77.040749
1536.000000,224.780491,31.970515,77.445380
2048.000000,230.760556,32.486451,78.267515
2560.000000,234.503829,32.855614,78.068615
3072.000000,236.307700,33.091562,77.121339
3584.000000,238.933330,33.210812,70.448975
