N,cuBLAS,Naive,Triton
1024.000000,213.704343,30.952141,77.283017
1536.000000,224.780491,31.999999,77.936576
2048.000000,231.849058,32.550994,78.019045
2560.000000,235.402291,32.838054,77.380353
3072.000000,237.067516,33.032720,76.165291
3584.000000,240.268163,33.326616,69.705026
