N,cuBLAS,Naive,Triton
1024.000000,213.704343,30.913208,3510.857095
1536.000000,224.780491,31.944539,4608.000012
2048.000000,229.682243,32.572565,6144.000016
2560.000000,234.503829,32.908409,6874.405716
3072.000000,237.091345,33.099224,8191.999710
3584.000000,239.598887,33.275050,8601.600217
